Design No.,Sphere 1x,Sphere 1y,Sphere1z,Sphere 2x,Sphere 2y,Sphere2z,Sphere 3x,Sphere 3y,Sphere3z,Sphere 4x,Sphere 4y,Sphere 4z,Sphere 5x,Sphere 5y,Sphere5z,Sphere 6x,Sphere 6y,Sphere6z,Sphere 7x,Sphere 7y,Sphere7z,Sphere 8x,Sphere 8y,Sphere8z,Sphere 9x,Sphere 9y,Sphere 9z,Sphere 10x,Sphere 10y,Sphere 10z,ME Coupling coefficient
1,24.276,-18.81,12.718,8.666,-20.637,-12.173,3.881,-9.703,11.693,-2.386,-20.189,-13.765,-14.294,-5.481,28.275,3.563,-5.378,-15.253,14.441,-0.528,25.909,12.442,27.044,-1.703,20.816,-17.143,-26.248,24.964,3.975,0.605,47.19
2,-18.551,-10.91,-24.379,23.952,-21.823,24.755,-15.647,8.438,-23.135,-21.448,22.712,3.474,-16.174,-27.817,5.055,-6.519,-28.3,-10.414,-29.341,15.453,1.165,3.107,-9.768,2.122,13.864,14.254,26.755,29.221,9.871,20.563,57.31
3,25.194,-28.546,14.275,17.866,-17.654,-23.082,21.509,-2.129,13.992,-27.567,-7.872,10.429,5.391,-25.567,14.096,-22.654,20.187,-28.575,5.43,19.54,-17.961,1.941,-4.752,-21.125,24.579,-26.603,3.324,-2.565,-0.368,21.348,85.37
4,28.796,-12.559,0.452,23.422,-5.991,-16.07,-14.832,4.571,12.47,8.138,-29.24,-12.549,24.862,-0.116,-26.637,7.394,30,4.881,21.306,-4.106,-19.25,26.575,7.573,20.14,-13.367,20.381,-20.721,-12.154,26.028,-8.945,167
5,-9.43,-15.526,1.761,24.43,0.744,22.346,-4.252,-6.75,2.354,-23.13,17.708,-15.477,-24.482,-13.461,-12.668,-25.958,-12.147,17.33,10.029,24.717,3.308,15.806,1.634,-17.055,-17.418,-22.933,-20.155,-26.929,8.743,0.913,56.18
6,-19.697,-28.197,-3.041,10.679,29.641,19.53,22.222,3.446,10.548,-14.17,-4.226,21.391,6.67,-26.218,17.157,19.191,6.124,-28.144,-20.614,19.904,-5.067,20.324,-17.107,-7.03,-19.768,-17.276,13.758,9.954,-16.392,0.84,54.78
7,24.659,24.429,17.416,16.679,-17.487,-25.69,-26.149,-8.061,11.202,-6.533,-21.603,-25.451,-26.947,-0.593,23.104,9.462,-4.251,25.884,3.272,-27.42,-23.24,0.267,-6.581,11.685,-17.547,-4.446,-7.383,-23.189,29.38,-24.018,92.92
8,15.632,-16.381,24.281,-21.301,-13.581,1.855,7.84,19.669,-25.812,3.532,-24.585,7.527,-7.278,-20.218,1.221,23.565,18.029,-12.174,-4.219,-4.945,-20.544,-6.418,25.106,22.019,3.738,-27.67,-20.981,29.218,0.931,25.208,70.22
9,26.9,-18.364,12.267,-10.56,25.729,-23.281,-26.038,23.422,-13.261,-20.666,-29.181,-13.504,-9.594,-23.5,-23.212,22.774,-13.363,-13.244,14.108,19.224,-16.245,22.068,2.796,-18.646,-11.96,-8.92,18.225,0.101,-17.296,22.515,51.34
10,-21.541,27.428,27.705,27.205,0.407,-26.068,-16.63,4.985,-18.228,-17.482,18.935,0.47,21.295,20.447,-0.686,15.732,-29.854,-12.41,28.47,-17.815,-4.983,11.142,1.803,-13.959,20.601,-10.542,-6.738,11.189,27.332,10.813,66.67
11,-12.683,-0.575,29.015,6.133,8.497,-15.896,-9.225,-19.179,-12.207,-3.116,-12.197,-6.448,-18.064,21.697,-23.477,24.927,-11.638,26.943,-2.388,-12.454,17.368,4.045,-4.508,-21.994,10.937,-0.084,-1.923,-8.932,20.787,-10.726,40.97
12,-26.419,-11.819,8.695,25.26,-10.044,-26.119,-9.883,27.766,-27.557,9.689,-8.181,4.991,23.734,-20.628,0.167,19.568,24.154,18.015,2.447,2.869,-19.792,17.767,0.276,0.229,3.484,17.654,14.605,22.237,24.261,-19.837,46.59
13,24.317,23.959,17.451,16.381,-15.957,-24.841,-24.183,-8.544,12.582,-5.974,-19.769,-26.189,-25.595,-1.543,21.136,6.873,-1.9,25.129,1.554,-27.229,-21.78,1.87,-3.227,13.387,-17.989,-5.202,-8.212,-22.943,27.95,-24.58,62.32
14,-10.784,-18.439,29.358,8.36,-30,-2.021,-19.95,-21.733,3.781,4.942,-6.639,22.798,-7.928,-2.26,6.209,20.336,-26.956,-22.248,-27.416,-10.671,4.52,4.536,-19.716,-26.507,21.598,-24.61,4.143,-5.791,15.999,7.544,82.61
15,23.381,-3.394,24.249,9.067,10.277,-12.142,10.469,17.969,1.207,29.998,-5.513,-25.203,-19.209,15.415,-20.342,19.266,-14.75,-3.404,15.814,9.056,22.608,3.626,8.457,-1.579,-17.723,-18.494,6.503,-14.71,27.515,21.981,55.23
16,28.454,-13.029,0.487,23.124,-4.461,-15.221,-12.866,4.088,13.85,8.697,-27.406,-13.287,26.214,-1.066,-28.605,4.805,30,4.126,19.588,-3.915,-17.79,28.178,10.927,21.842,-13.809,19.625,-21.55,-11.908,24.598,-9.507,133.63
17,-26.301,-10.904,7.847,24.85,-10.2,-25.49,-9.859,26.85,-29.327,9.178,-9.191,5.668,23.115,-19.908,2.071,21.59,21.325,17.848,3.088,1.829,-20.603,16.712,-1.454,0.746,3.235,18.29,15.259,22.549,24.328,-20.526,63.75
18,-20.388,-27.399,19.409,-10.766,-28.313,-30,12.829,23.468,11.311,-8.608,6.335,-20.087,-26.522,2.612,-22.72,25.455,19.718,25.896,-13.437,0.013,-0.378,15.142,7.216,-5.032,-19.015,-5.653,-10.745,-16.732,22.786,19.485,86.41
19,15.75,-15.466,23.433,-21.711,-13.737,2.484,7.864,18.753,-27.582,3.021,-25.595,8.204,-7.897,-19.498,3.125,25.587,15.2,-12.341,-3.578,-5.985,-21.355,-7.473,23.376,22.536,3.489,-27.034,-20.327,29.53,0.998,24.519,69.3
20,26.558,-18.834,12.302,-10.858,27.259,-22.432,-24.072,22.939,-11.881,-20.107,-27.347,-14.242,-8.242,-24.45,-25.18,20.185,-11.012,-13.999,12.39,19.415,-14.785,23.671,6.15,-16.944,-12.402,-9.676,17.396,0.347,-18.726,21.953,54.65
21,6.057,-15.316,-2.594,5.974,18.795,7.037,-29.24,-5.164,18.673,-14.408,-28.316,19.885,7.267,-12.33,-0.157,25.331,-23.267,-21.261,-26.256,-21.585,0.205,29.166,-2.493,22.961,9.116,-29.844,10.214,10.12,0.817,24.114,95.66
22,-28.78,-30,11.685,1.465,-8.581,-6.367,17.178,-3.446,22.658,6.429,5.781,22.118,3.097,28.332,14.423,30,-20.554,4.796,-14.08,-10.537,-1.982,2.891,7.935,-3.771,19.282,-22.125,-20.436,13.859,12.925,17.168,42.15
23,29.049,-20.501,1.423,0.715,-16.132,-18.278,25.887,-19.822,6.047,-7.569,-3.6,-24.198,0.99,19.244,-29.729,26.138,19.102,2.85,5.586,-8.317,12.876,12.928,16.12,24.497,12.904,-23.589,-23.555,13.675,-13.466,-7.056,302.34
24,19.578,-25.525,17.257,-16.828,12.317,-5.753,7.606,-22.777,14.968,-6.983,-19.394,-20.291,-19.692,-21.747,10.993,-1.226,-28.921,-8.537,19.474,28.769,-5.045,18.103,15.47,9.329,-14.576,21.65,-11.676,20.785,-12.988,11.788,72.61
25,23.499,-2.479,23.401,8.657,10.121,-11.513,10.493,17.053,-0.563,29.487,-6.523,-24.526,-19.828,16.135,-18.438,21.288,-17.579,-3.571,16.455,8.016,21.797,2.571,6.727,-1.062,-17.972,-17.858,7.157,-14.398,27.582,21.292,82.72
26,18.321,-20.756,22.617,-12.227,4.409,-30,-8.775,-27.85,-27.917,-13.295,19.976,-10.874,-27.033,5.157,-0.851,4.132,-14.804,21.455,7.009,30,11.962,1.57,-18.155,-22.425,-15.445,-18.997,-13.443,15.656,10.593,-19.795,57.22
27,23.339,-24.218,27.696,29.669,-9.323,-28.144,8.649,-5.499,2.251,14.904,29.591,18.192,23.391,-4.488,4.226,1.109,-14.334,27.592,-24.83,12.381,-22.61,18.252,5.177,-7.824,-16.898,-0.314,8.628,-2.772,17.484,-11.193,42.38
28,27.16,-3.41,7.127,14.897,22.346,-1.475,26.327,-6.05,11.902,24.132,-27.86,28.151,-27.407,-28.017,-15.395,27.12,-29.719,2.006,5.964,8.912,7.904,-21.933,-21.024,-19.707,-9.385,9.298,-9.642,2.259,-27.422,2.183,127.57
29,-24.107,-1.749,24.07,17.389,21.841,12.967,-9.441,-2.944,-6.352,0.498,25.801,17.553,-26.816,-3.21,-7.073,-7.891,6.218,2.731,10.589,1.239,11.88,-0.196,4.424,14.613,-24.225,-28.897,4.27,22.931,26.442,2.357,57.25
30,15.615,-17.808,-8.831,5.602,-16.123,-5.373,27.747,9.696,6.511,23.2,-26.042,13.276,-10.502,6.297,20.943,-9.286,-6.961,20.622,15.129,-8.173,-23.756,25.357,25.852,-25.637,-2.394,-20.828,-13.104,13.532,14.223,-29.193,62.82
1,2.945,-1.552,-2.681,-2.366,1.877,4.232,1.018,0.033,-1.635,-0.516,-1.3,1.289,2.281,2.059,-2.699,1.077,2.21,-1.542,1.889,-0.034,-1.032,2.508,3.312,0.323,-1.266,-1.187,0.127,-3.001,-1.76,-0.467,442.84
2,3.121,-0.196,-1.17,-0.507,0.185,2.323,-0.816,0.431,0.883,0.546,-2.201,-0.363,1.313,0.327,-2.127,-1.577,0.934,-0.666,2.127,-2.4,0.848,1.354,-1.038,1.001,0.027,-2.285,0.273,-1.327,0.124,-0.457,72.83
3,1.365,0.32,-0.069,-1.782,1.034,3.068,-0.28,0.041,-0.193,0.026,-0.754,0.354,0.925,0.738,-2.631,-0.8,2.032,-0.956,1.565,-0.583,0.673,2.455,1.449,-0.021,-1.999,-1.998,0.035,-2.043,-0.792,0.321,202.39
4,1.63,1.788,-0.866,-0.084,0.223,2.494,0.982,0.241,-0.992,-0.361,-2.17,0.467,-0.268,1.981,-3.301,-1.256,3.914,0.135,1.766,-0.404,-0.387,3.087,1.652,-0.981,-2.854,-3.205,-1.583,-2.91,-1.129,1.074,98.72
5,3.614,0.225,-0.626,-1.95,2.348,4.395,-1.487,0.542,2.43,-0.688,-0.15,-0.502,0.268,0.824,-2.827,-1.244,0.461,-1.372,3.101,0.246,0.562,2.934,0.574,-1.994,-2.621,-1.898,0.498,-2.948,-0.993,0.736,237.18
6,1.031,1.072,0.32,-1.223,-0.886,0.017,0.019,-1.188,0.583,0.481,-0.401,0.944,-0.16,0.56,-2.936,-1.235,2.775,-2.33,0.024,1.578,-0.487,2.514,-0.532,0.19,-4.058,-0.428,0.657,-3.708,-1.43,1.29,289.85
7,1.563,2.459,-0.58,-1.888,1.96,4.098,1.606,-0.441,0.299,-0.995,0.439,-0.053,2.812,1.558,-1.246,-0.304,2.427,-0.562,1.519,-0.878,0.144,3.397,1.169,0.472,-1.327,-1.858,-2.067,-1.195,-1.142,0.966,247.14
8,1.631,0.39,-0.122,-2.125,1.243,3.72,-0.321,0.033,-0.239,0.025,-0.92,0.415,1.146,0.879,-3.19,-0.939,2.488,-1.156,1.865,-0.724,0.835,2.984,1.749,-0.011,-2.413,-2.419,0.036,-2.449,-1.001,0.36,144.8
9,1.013,0.839,0.457,-1.753,0.587,2.586,0.814,0.194,-0.524,-2.344,-0.821,-1.131,1.434,0.533,-2.056,-1.422,3.849,0.568,1.827,-1.871,-0.256,3.66,1.752,-1.471,-2.664,-2.977,0.317,-2.667,-0.432,-0.615,94.76
10,0.769,0.01,-0.668,-0.6,-0.722,2.095,1.012,-0.402,0.54,0.286,-0.543,-0.383,-0.104,1.134,-1.95,-0.769,1.812,-0.664,1.07,-1.852,0.979,3.89,1.806,-0.237,-1.999,-1.733,-0.779,-1.58,-0.027,-0.717,47.35
11,3.319,-0.088,-1.251,-0.811,0.418,2.935,-0.86,0.33,0.86,0.555,-2.305,-0.318,1.503,0.466,-2.7,-1.788,1.366,-0.863,2.436,-2.484,1.008,1.881,-0.721,0.984,-0.361,-2.629,0.289,-1.746,-0.101,-0.4,108.63
12,3.058,0.375,-0.951,-1.413,0.996,3.565,-1.704,0.602,1.675,0.856,-0.027,-0.637,2.708,0.166,-2.735,-0.749,1.21,-1.553,1.952,-1.738,2.099,3.856,0.42,-1.555,-3.124,-2.268,-0.864,-1.725,-0.829,0.648,165.96
13,1.056,1.097,0.301,-1.269,-0.838,0.123,0.013,-1.221,0.579,0.482,-0.411,0.948,-0.129,0.585,-3.042,-1.281,2.849,-2.368,0.075,1.571,-0.456,2.61,-0.476,0.186,-4.122,-0.482,0.661,-3.787,-1.477,1.306,255.75
14,0.205,2.433,1.651,-2.328,2.093,3.651,1.368,0.175,-1.286,-1.485,-2.853,0.304,0.974,1.103,-1.064,-1.972,2.808,-0.913,0.396,0.217,-1.044,2.551,0.401,0.933,-1.588,-4.125,-0.79,-1.382,-1.026,-0.833,118.15
15,1.135,1.612,-0.723,0.61,-0.232,1.163,1.067,0.338,-0.923,-0.37,-1.876,0.348,-0.707,1.684,-2.117,-0.898,2.985,0.551,1.113,-0.156,-0.724,1.986,0.993,-0.967,-2.018,-2.404,-1.605,-2.05,-0.676,0.977,41.04
16,1.484,2.453,-0.563,-1.783,1.921,3.935,1.614,-0.461,0.299,-0.997,0.494,-0.077,2.751,1.521,-1.115,-0.28,2.312,-0.517,1.423,-0.829,0.11,3.275,1.081,0.476,-1.226,-1.757,-2.069,-1.106,-1.1,0.966,234.96
17,1.878,0.592,-0.884,-0.438,1.432,3.167,0.892,1.28,-0.32,0.513,-0.505,-1.182,0.344,2.217,-2.105,-2.728,2.924,-0.582,2.827,-0.101,1.58,3.133,1.22,0.501,-1.288,-1.076,-0.685,0.083,-0.317,-0.128,90.3
18,1.159,1.637,-0.742,0.564,-0.184,1.269,1.061,0.305,-0.927,-0.369,-1.886,0.352,-0.676,1.709,-2.223,-0.944,3.059,0.514,1.163,-0.163,-0.693,2.082,1.049,-0.972,-2.082,-2.458,-1.601,-2.129,-0.723,0.993,48.49
19,1.395,1.575,0.859,-0.924,1.06,4.951,-0.901,-0.507,-1.333,-1.012,-1.747,0.917,0.598,0.335,-3.157,0.466,4.717,-1.497,0.568,0.463,-0.236,3.864,1.063,-1.425,-2.969,-1.554,-0.821,-2.997,-2.021,1.122,224.9
20,1.945,0.668,-0.937,-0.573,1.57,3.469,0.87,1.178,-0.327,0.52,-0.526,-1.17,0.427,2.29,-2.414,-2.873,3.134,-0.687,2.983,-0.116,1.667,3.408,1.388,0.481,-1.473,-1.22,-0.67,-0.145,-0.45,-0.083,105.86
21,0.76,0.034,-0.677,-0.594,-0.69,2.129,1.008,-0.442,0.534,0.286,-0.532,-0.392,-0.1,1.139,-1.996,-0.799,1.84,-0.68,1.069,-1.836,0.992,3.935,1.815,-0.233,-2.023,-1.75,-0.781,-1.618,-0.053,-0.702,55.59
22,2.482,-1.73,-2.547,-1.718,1.435,2.967,1.103,0.142,-1.566,-0.525,-1.03,1.182,1.869,1.779,-1.567,1.427,1.323,-1.146,1.279,0.191,-1.353,1.453,2.694,0.331,-0.465,-0.422,0.109,-2.175,-1.326,-0.563,109.87
23,1.806,-0.954,1.663,-2.964,1.726,2.825,-1.276,-0.442,-0.329,0.901,0.347,0.338,1.437,0.927,-2.973,0.79,3.339,-1.358,3.251,-2.053,0.212,1.81,2.871,0.588,-3.894,-0.786,0.704,-2.878,0.652,-0.447,94.11
24,0.803,0.087,-0.712,-0.689,-0.598,2.331,0.99,-0.516,0.533,0.292,-0.54,-0.383,-0.048,1.189,-2.206,-0.905,1.979,-0.75,1.182,-1.844,1.05,4.12,1.932,-0.25,-2.149,-1.841,-0.769,-1.773,-0.142,-0.673,85.66
25,1.829,2.529,-0.634,-2.231,2.169,4.751,1.566,-0.449,0.252,-0.996,0.273,0.009,3.034,1.699,-1.804,-0.443,2.883,-0.762,1.819,-1.019,0.306,3.926,1.469,0.482,-1.741,-2.279,-2.066,-1.601,-1.35,1.005,458.91
26,2.108,0.699,-0.974,-0.789,1.678,3.846,0.848,1.19,-0.342,0.523,-0.633,-1.125,0.561,2.373,-2.731,-2.947,3.398,-0.799,3.181,-0.207,1.755,3.705,1.579,0.478,-1.71,-1.456,-0.664,-0.371,-0.561,-0.07,118.57
27,1.442,0.156,-0.038,-0.495,2.577,2.42,-0.092,-0.454,-0.923,-0.007,-2.611,-1.031,0.343,1.662,-1.301,-1.236,2.571,-2.094,1.584,-0.472,0.594,0.997,1.425,0.866,-2.479,-3.585,0.615,-2.328,-1.264,2.167,145.31
28,1.903,0.617,-0.903,-0.484,1.48,3.273,0.886,1.247,-0.324,0.514,-0.515,-1.178,0.375,2.242,-2.212,-2.774,2.999,-0.619,2.878,-0.108,1.611,3.229,1.277,0.496,-1.352,-1.129,-0.681,0.004,-0.364,-0.112,69.04
29,1.209,0.499,-1.41,-1.235,1.906,1.955,0.208,-0.705,-0.559,-0.905,-0.666,0.275,0.887,-0.158,-1.475,0.246,1.513,-0.035,2.897,-1.714,0.657,2.471,1.168,-0.659,-1.771,-2.535,0.957,-1.925,-2.372,1.492,58.99
30,2.163,0.997,0.233,-4.28,2.86,3.79,-1.273,0.23,-0.49,-0.849,0.292,-0.231,1.111,-0.503,-3.392,-1.992,3.293,-0.284,2.689,-0.739,0.868,2.091,3.853,-0.265,-2.862,-3.466,1.896,-1.399,0.95,1.379,311.67
1,7.717,0.126,-2.181,-6.726,7.013,9.997,-3.674,7.839,1.013,4.768,-3.95,5.383,7.873,1.803,-8.11,3.372,11.216,-4.139,7.234,-5.92,-2.612,16.428,2.466,-2.022,-6.15,-14.518,-0.865,-9.272,0.14,2.465,211.64
2,5.446,-1.53,-2.223,-8.299,8.075,10.117,-3.569,5.47,1.936,2.842,-2.862,4.428,7.192,2.609,-6.947,2.206,12.481,-3.908,8.846,-4.871,-1.387,14.06,2.986,-3.371,-5.988,-15.907,-0.084,-8.477,0.36,2.935,698.37
3,6.704,1.287,-2.064,-5.909,6.738,9.916,-4.458,7.421,0.535,4.467,-1.579,5.087,7.441,2.699,-9.449,3.787,12.759,-5.56,6.455,-7.38,-2.3,15.336,4.276,-4.443,-5.918,-13.456,-1.501,-10.434,1.154,1.742,828.38
4,7.252,0.8,-2.843,-6.712,7.379,11.784,-4.289,5.427,-1.734,2.631,-2.422,6.157,7.306,0.789,-7.552,2.733,12.443,-4.564,8.88,-6.151,-2.72,13.711,1.834,-3.087,-6.185,-13.546,-1.072,-9.238,0.491,0.898,456.45
5,6.437,1.284,-1.916,-5.63,6.484,9.507,-4.295,7.163,0.485,4.32,-1.476,4.897,7.147,2.599,-9.121,3.67,12.288,-5.367,6.126,-7.123,-2.217,14.701,4.167,-4.359,-5.669,-12.918,-1.465,-10.067,1.143,1.651,600.84
6,8.49,0.209,-4.154,-6.266,6.77,10.234,-4.561,6.045,1.562,4.455,-0.462,4.909,6.164,1.913,-8.369,1.986,9.65,-5.709,9.227,-6.774,-2.565,16.093,3.066,-1.433,-7.633,-12.584,-1.829,-9.64,0.043,2.015,330.32
7,7.538,2.031,-4.606,-6.54,8.08,9.213,-4.31,6.711,1.496,3.457,-2.97,6.139,9.559,2.274,-8.598,2.507,10.98,-4.085,7.47,-5.281,-2.935,16.554,2.223,-1.678,-4.891,-13.664,-1.597,-8.159,0.943,0.698,627.42
8,5.703,0.247,-2.788,-5.613,6.929,10.295,-4.255,6.31,2.649,3.632,-1.642,5.75,6.701,2.524,-9.91,4.724,10.901,-6.542,8.84,-6.485,-1.334,16.097,2.864,-0.587,-3.957,-14.745,-0.695,-9.665,-1.126,2.559,1052.04
9,5.712,-1.527,-2.372,-8.578,8.329,10.526,-3.732,5.728,1.986,2.989,-2.964,4.618,7.486,2.709,-7.275,2.322,12.953,-4.1,9.175,-5.128,-1.47,14.695,3.096,-3.454,-6.237,-16.445,-0.12,-8.844,0.371,3.027,694.11
10,7.806,2.034,-4.756,-6.821,8.336,9.625,-4.475,6.972,1.546,3.606,-3.073,6.331,9.855,2.375,-8.928,2.624,11.456,-4.279,7.802,-5.54,-3.02,17.195,2.333,-1.762,-5.142,-14.207,-1.633,-8.529,0.954,0.79,698.83
11,6.573,0.263,-3.452,-6.957,6.717,10,-4.1,6.247,1.428,3.603,-2.453,4.787,7.139,2.604,-8.204,2.693,11.582,-4.788,7.946,-6.201,-2.267,15.916,2.588,-2.153,-6.22,-13.374,-1.029,-9.128,0.311,2.418,324.92
12,6.578,0.263,-3.455,-6.962,6.722,10.008,-4.103,6.251,1.428,3.605,-2.455,4.79,7.145,2.606,-8.209,2.695,11.591,-4.792,7.952,-6.205,-2.268,15.927,2.59,-2.154,-6.225,-13.384,-1.03,-9.134,0.311,2.419,291.55
13,6.932,0.814,-4.123,-5.905,5.8,9.688,-4.012,6.3,1.032,4.473,-3.901,5.651,9.17,2.119,-7.572,2.428,11.337,-4.183,8.378,-6.023,-2.057,16.721,3.629,-3.073,-5.37,-15.46,-0.618,-9.992,1.352,2.706,802.18
14,6.193,-0.014,-2.926,-7.5,7.769,9.473,-3.51,5.272,2.026,4.07,-1.86,4.022,4.424,2.318,-8.586,2.752,11.797,-5.433,8.293,-5.755,-3.764,15.555,2.75,-1.447,-4.856,-12.752,1.376,-9.892,-1.814,1.966,1070.99
15,7.72,0.126,-2.183,-6.729,7.016,10.001,-3.675,7.841,1.013,4.769,-3.951,5.385,7.876,1.804,-8.113,3.373,11.22,-4.141,7.237,-5.923,-2.613,16.435,2.467,-2.022,-6.152,-14.523,-0.866,-9.275,0.14,2.466,190.34
16,6.923,-0.627,-2.296,-7.326,8.514,10.097,-4.578,5.909,0.595,2.968,-3.892,5.614,7.348,3.2,-9.246,1.78,11.165,-4.262,6.863,-6.485,-1.876,16.72,2.226,-1.991,-5.904,-15.269,-1.813,-9.659,-1.983,2.301,2070.98
17,8.476,-0.369,-2.348,-7.687,7.862,9.628,-3.083,6.019,1.047,2.777,-3.548,4.219,6.321,2.95,-6.412,2.645,13.746,-4.452,6.793,-5.834,-1.986,15.216,2.717,-1.9,-5.55,-13.181,-1.959,-8.924,0.536,1.398,961.15
18,8.187,1.06,-3.501,-6.091,6.156,9.918,-2.938,5.757,1.233,2.995,-2.435,5.666,6.795,2.409,-9.393,2.097,13.263,-5.779,9.342,-5.751,-3.143,18.425,2.738,-2.894,-8.545,-14.308,-2.631,-7.62,-2.55,3.555,294.18
19,8.018,1.199,-1.809,-6.067,8.284,10.817,-5.941,6.772,1.515,4.044,-4.041,5.577,8.118,1.822,-7.716,1.721,11.514,-4.761,6.24,-6.818,-1.439,17.031,1.252,-1.885,-4.568,-12.565,-1.158,-8.676,-1.648,2.524,1192.94
20,5.441,-1.53,-2.221,-8.294,8.07,10.11,-3.566,5.465,1.936,2.839,-2.86,4.424,7.186,2.608,-6.941,2.204,12.473,-3.904,8.84,-4.866,-1.385,14.048,2.984,-3.369,-5.983,-15.897,-0.083,-8.471,0.36,2.934,1120.96
21,8.494,0.209,-4.156,-6.271,6.775,10.241,-4.563,6.05,1.563,4.458,-0.463,4.913,6.169,1.915,-8.375,1.988,9.659,-5.712,9.233,-6.779,-2.567,16.104,3.068,-1.434,-7.638,-12.593,-1.83,-9.647,0.043,2.017,319.39
22,5.56,-1.068,-1.485,-7.024,6.515,11.792,-5.277,7.546,1.98,2.865,-2.053,5.42,7.114,3.644,-8.839,1.691,12.964,-4.433,8.153,-7.313,-2.28,15.912,5.148,-2.428,-5.698,-12.695,-0.813,-8.575,0.261,2.673,761.38
23,8.246,0.458,-4.823,-5.763,6.905,11.101,-4.049,8.297,1.497,3.268,-3.223,5.756,7.681,2.213,-9.035,3.352,12.416,-6.167,9.139,-5.926,-2.7,16.812,2.89,-3.987,-7.602,-14.467,-2.276,-10.281,1.192,2.212,384.05
24,7.519,0.803,-2.992,-6.99,7.633,12.192,-4.452,5.686,-1.684,2.778,-2.524,6.347,7.6,0.889,-7.88,2.85,12.915,-4.757,9.209,-6.408,-2.804,14.346,1.943,-3.17,-6.435,-14.084,-1.108,-9.604,0.502,0.99,559.88
25,9.334,-0.936,-3.366,-7.263,5.961,9.733,-3.628,7.551,2.253,3.012,-4.073,5.723,6.613,1.306,-7.757,4.596,12.125,-3.891,7.822,-6.309,-2.763,15.49,2.01,-1.954,-6.512,-13.784,0.04,-8.649,-1.513,2.861,341.9
26,7.432,1.182,-5.214,-8.699,6.588,10.141,-5.084,5.667,1.552,3.165,-2.86,4.613,7.929,3.682,-7.492,2.895,10.539,-5.599,7.7,-6.532,-2.284,16.69,1.996,-2.759,-4.892,-13.917,0.976,-9.203,-0.217,3.002,464.05
27,6.862,-0.179,-3.783,-6.359,7.238,11.774,-4.681,5.666,0.485,1.2,-1.847,4.718,8.995,2.82,-9.114,3.727,10.287,-5.324,6.934,-7.375,-2.431,14.283,2.236,-1.951,-5.77,-12.3,0.166,-8.951,0.091,0.887,720.88
28,6.617,1.576,-4.106,-6.739,5.513,10.124,-2.812,6.289,2.046,3.649,-2.182,4.465,7.532,1.654,-8.14,1.228,11.342,-5.095,8.356,-5.818,-3.839,15.786,1.536,-2.184,-6.322,-14.105,-2.257,-9.781,2.309,2.086,334.64
29,6.191,-0.014,-2.925,-7.497,7.767,9.469,-3.509,5.27,2.026,4.069,-1.859,4.02,4.421,2.318,-8.583,2.751,11.794,-5.432,8.29,-5.753,-3.763,15.55,2.749,-1.446,-4.854,-12.747,1.376,-9.889,-1.814,1.965,1072.14
30,7.248,0.8,-2.84,-6.707,7.374,11.776,-4.286,5.423,-1.734,2.628,-2.42,6.154,7.3,0.787,-7.546,2.731,12.434,-4.56,8.874,-6.146,-2.719,13.699,1.832,-3.085,-6.181,-13.536,-1.071,-9.231,0.49,0.897,449.01
1,-28.215,26.16,6.319,-29.513,27.304,-7.404,-15.416,20.123,17.545,-17.179,-24.217,5.267,1.295,6.038,-7.873,-10.709,17.316,16.488,-6.528,-15.866,10.543,-1.269,19.148,-29.815,-14.122,-16.576,10.065,14.902,-25.478,-19.58,79.53
2,-20.682,8.186,22.601,6.67,4.306,-26.026,-17.535,-23.989,-3.786,25.969,8.71,19.63,13.831,-19.832,6.342,-25.313,-29.131,24.294,-23.373,-16.372,-28.678,-2.695,19.16,-14.173,-21.493,22.211,-23.374,3.222,-19.457,15.173,76.73
3,-5.729,5.169,-3.575,-25.545,14.273,10.249,4.602,-20.469,-11.011,17.675,0.562,24.093,-8.806,-7.584,-16.924,23.471,-26.743,-17.351,-5.462,23.243,26.913,-18.656,-17.573,-2.531,3.679,28.615,-18.828,-6.104,24.304,-19.759,82.11
4,-14.321,1.384,20.614,26.134,8.203,-5.939,-16.334,22.687,2.309,-16.6,-20.017,-25.569,-7.015,17.396,-14.008,-1.451,-27.339,8.929,18.882,26.816,10.974,25.048,17.598,-19.164,-22.392,10.486,15.96,-16.536,-28.441,18.519,58.8
5,-19.313,5.347,21.767,18.016,7.84,-29.025,12.62,29.883,-28.657,-23.865,16.546,-11.66,-28.191,-9.01,20.304,-6.727,24.366,-24.513,2.418,15.521,-26.835,12.37,-18.8,8.99,12.014,20.222,9.199,15.168,1.095,11.008,51.7
6,18.71,-11.527,27.802,2.547,29.478,18.4,-21.01,-18.851,-22.82,-0.34,18.454,13.14,17.97,29.142,12.721,11.188,12.592,13.177,6.968,7.904,-1.909,-1.396,8.95,-25.671,6.335,-16.776,-12.925,11.364,-15.443,13.108,43.94
7,-16.608,-21.765,20.497,-1.768,-29.735,-15.115,0.633,24.157,23.965,16.731,13.442,20.811,-26.636,-10.563,-9.244,-3.096,-14.97,13.148,27.656,-10.901,10.774,26.226,16.442,-14.012,-0.726,-4.117,13.679,-18.742,-26.548,-7.866,68.33
8,-5.559,18.894,23.307,-19.403,26.111,18.5,8.344,-25.812,0.165,29.337,-12.889,2.002,18.1,0.223,-11.011,20.374,-27.741,-11.158,9.462,25.234,29.299,6.526,3.48,-16.492,11.537,4.191,15.247,14.055,27.002,27.002,53.58
9,16.876,18.51,-13.513,-25.111,-17.949,29.611,-24.334,-27.154,25.792,2.91,0.426,-10.252,17.542,-4.642,-3.176,-13.712,-25.579,-25.876,-12.937,20.323,22.998,6.064,0.801,-9.802,7.147,18.672,-6.875,-10.781,20.663,-12.762,48.32
10,15.615,-17.808,-8.831,5.602,-16.123,-5.373,27.747,9.696,6.511,23.2,-26.042,13.276,-10.502,6.297,20.943,-9.286,-6.961,20.622,15.129,-8.173,-23.756,25.357,25.852,-25.637,-2.394,-20.828,-13.104,13.532,14.223,-29.193,57.1
11,8.196,-19.652,-23.609,24.712,1.609,19.944,16.917,-1.674,-2.691,-21.402,13.757,-7.029,-29.037,-18.2,23.854,-18.966,-27.282,15.039,16.428,-20.892,23.725,-19.822,3.765,-10.556,28.94,5.815,-13.787,1.194,7.212,29.114,63.02
12,5.929,-24.905,14.184,-5.709,17.304,25.736,0.141,-14.811,-26.926,-25.756,-6.511,-19.195,-27.339,-14.97,-3.789,-20.74,3.132,-18.809,-13.539,-1.055,-14.71,10.762,4.405,-17.101,-9.849,-26.514,-15.636,-5.206,-5.849,6.338,47.31
13,-3.562,-27.278,-4.867,-24.04,-7.805,1.237,24.569,-0.622,15.983,-3.961,-28.751,24.43,-12.674,8.939,2.59,9.225,-15.012,3.187,-16.543,4.867,-16.484,-6.633,17.496,-28.988,13.111,14.242,3.602,7.067,-3.055,-16.838,51.94
14,24.276,-18.81,12.718,8.666,-20.637,-12.173,3.881,-9.703,11.693,-2.386,-20.189,-13.765,-14.294,-5.481,28.275,3.563,-5.378,-15.253,14.441,-0.528,25.909,12.442,27.044,-1.703,20.816,-17.143,-26.248,24.964,3.975,0.605,49.61
15,8.205,-9.526,-15.527,-17.409,5.867,-20.013,-24.773,-26.727,2.492,-3.419,-11.204,-0.539,-24.603,-14.378,27.567,-27.321,-25.858,21.511,-25.985,-0.509,11.468,-18.509,-29.915,19.513,-24.618,12.11,-0.018,-0.57,17.177,-10.693,54.19
16,24.219,-0.785,5.701,-12.036,-7.858,-26.71,-6.214,-0.415,-10.124,8.951,-27.386,7.503,-28.375,-20.306,9.043,-13.268,27.489,3.275,-22.482,24.477,-22.672,-27.011,19.222,-21.457,-11.875,3.718,-17.771,-1.901,-7.85,29.819,75.93
17,-6.11,12.567,-0.108,7.133,12.732,-5.139,7.766,-7.251,4.206,-16.683,-13.744,-11.353,22.376,10.395,-8.874,-0.799,-15.831,4.238,-2.197,-2.785,22.941,15.125,-29.31,23.985,-6.743,23.581,-16.87,15.688,8.498,24.676,45.08
18,10.103,-27.261,-20.55,20.459,27.515,4.73,-13.713,23.093,22.793,-21.632,26.981,-4.711,-18.095,14.907,-1.018,-8.774,-1.97,-10.13,24.432,21.909,-4.216,25.86,-29.192,-27.274,-1.532,-13.847,16.216,7.404,-1.094,-4.633,60.85
19,-7.079,8.828,3.919,-11.675,15.681,11.616,6.666,-12.103,12.085,-1.818,25.533,23.316,27.728,17.248,21.496,-4.308,-14.87,-13.972,11.452,-4.141,16.532,-17.511,29.403,28.72,-17.111,-22.775,26.906,-5.951,10.051,-10.212,46.15
20,29.478,4.779,2.197,9.069,6.861,28.281,9.18,8.477,-12.272,25.982,-27.519,-2.743,27.203,17.072,-22.998,29.77,-28.19,-14.78,-17.055,5.378,20.816,-17.443,-7.547,22.715,11.234,9.958,-25.246,6.987,-0.022,7.953,46.91
21,-9.654,-15.081,0.948,23.722,2.118,23.824,-2.262,-8.149,1.964,-23.082,18.532,-15.538,-23.749,-13.691,-12.732,-26.525,-12.625,16.408,8.952,23.868,3.957,16.354,3.258,-14.836,-18.109,-23.053,-20.33,-26.371,7.38,-0.338,62.82
22,6.577,-23.59,2.96,20.528,0.285,-20.953,6.755,8.764,28.381,-23.547,-27.05,-4.341,1.322,-21.771,21.285,29.915,20.925,-29.519,-2.692,-18.151,0.115,-0.139,4.676,5.353,-23.007,21.507,-5.701,-26.556,-13.26,1.907,48.89
23,10.592,4.095,19.962,12.086,-5.251,22.695,-7.409,1.929,17.563,-26.005,-11.634,-21.201,24.007,-0.753,4.173,8.066,7.222,11.782,27.21,11.961,25.835,28.342,-10.333,17.132,17.608,27.875,-22.777,-14.89,17.246,10.195,130.29
24,26.091,18.709,-5.326,-23.309,7.131,-21.325,-6.081,3.857,21.749,26.744,25.864,15.591,21.363,8.456,12.509,-25.824,-2.236,14.124,-29.84,-24.743,-10.894,9.655,-29.297,-6.843,18.306,-19.061,17.382,-14.569,0.069,-27.085,47.76
25,-2.068,-8.455,-10.808,1.756,0.801,22.61,3.034,19.504,15.992,-1.686,10.913,-26.996,12.421,-13.115,-8.052,26.815,9.545,26.248,-23.345,3.729,-12.7,19.886,-9.175,-17.833,-25.116,17.672,-14.375,8.991,-8.809,-23.883,56.18
26,0.249,26.253,-29.355,16.373,-1.888,-2.062,-13.032,7.126,29.826,-3.128,8.779,-26.079,5.421,-24.448,-5.637,16.502,-6.047,-20.189,22.567,27.535,-24.943,-28.639,4.142,-11.355,19.479,-27.388,-27.555,-9.295,-4.051,-21.526,39.65
27,-8.606,9.437,2.341,-7.594,23.708,-1.722,-22.272,-9.58,14.437,9.603,8.803,-4.544,13.984,14.605,-22.356,28.394,27.154,25.65,17.265,5.601,-2.746,-6.179,-23.991,12.226,14.218,20.517,-6.697,-12.52,18.469,-7.45,73.32
28,28.825,-20.056,0.61,0.007,-14.758,-16.8,27.877,-21.221,5.657,-7.521,-2.776,-24.259,1.723,19.014,-29.793,25.571,18.624,1.928,4.509,-9.166,13.525,13.476,17.744,26.716,12.213,-23.709,-23.73,14.233,-14.829,-8.307,88.01
29,-26.301,-10.904,7.847,24.85,-10.2,-25.49,-9.859,26.85,-29.327,9.178,-9.191,5.668,23.115,-19.908,2.071,21.59,21.325,17.848,3.088,1.829,-20.603,16.712,-1.454,0.746,3.235,18.29,15.259,22.549,24.328,-20.526,60.76
30,10.126,22.417,-7.036,-23.058,14.163,-3.223,0.567,21.377,20.376,-7.7,18.159,-18.396,18.026,4.543,11.842,-9.069,8.145,-7.009,-17.363,4.006,-22.257,-13.004,-17.572,-27.525,-0.229,5.831,-2.738,-14.611,-19.491,-2.76,75.61
31,-25.137,4.257,12.385,-2.148,13.591,15.906,-18.923,-29.689,-9.536,20.35,8.329,25.55,-13.345,-11.977,-22.596,1.613,28.082,-26.562,21.764,-25.183,6.021,27.934,-15.541,-7.903,17.172,-20.812,-5.878,-19.324,-24.789,14.054,49.25
32,-24.534,21.892,11.661,-28.227,-6.957,-11.376,6.796,-24.957,25.566,-18.52,21.944,29.046,-21.856,1.846,-8.853,19.546,24.417,-7.948,-3.389,27.922,-25.867,22.568,13.22,-14.79,9.933,23.493,-20.685,26.345,-8.149,-10.071,67.92
33,16.6,6.31,-19.234,26.513,12.802,16.998,-29.011,19.481,22.487,-4.602,-9.666,28.958,-13.827,23.499,14.913,-13.208,-0.278,-3.255,2.397,11.426,0.338,6.064,-1.367,11.836,29.687,-27.826,-29.347,6.874,-2.462,27.214,51.31
34,-1.777,5.065,-12.305,18.789,26.316,-7.488,27.247,-7.036,-20.745,-25.625,21.028,-0.985,10.474,19.542,29.285,-4.512,12.777,-2.553,-21.021,-2.312,19.534,27.902,-20.373,3.143,3.095,-6.594,-24.388,-12.983,0.932,-29.316,100.29
35,24.797,6.106,-23.921,22.035,-5.986,7.701,8.829,-17.927,-29.771,-5.241,-4.993,-11.193,-25.895,-1.478,-3.337,-22.356,-1.409,18.652,-29.728,5.934,16.951,18.782,20.521,-5.351,-29.598,28.614,-24.605,3.998,21.7,-12.2,73.92
36,-21.629,-21.627,7.231,-0.044,-15.288,20.184,-29.943,16.455,-7.287,2.026,13.776,0.524,9.014,24.479,-15.893,-14.625,-3.955,18.364,8.228,0.77,0.801,-7.018,10.597,23.358,-2.832,-1.925,15.964,-27.126,17.495,28.777,88.92
37,10.04,7.044,-5.167,28.681,-25.08,10.391,25.016,-27.124,29.553,-18.352,-27.526,19.557,-11.328,2.673,-16.575,-5.289,11.076,-29.412,-28.389,8.894,-13.459,-18.907,18.404,-21.734,14.245,-26.703,-16.592,-16.543,-26.858,22.395,83.55
38,16.873,0.943,-2.481,1.41,22.412,-1.837,4.777,10.327,-26.408,6.224,10.98,11.922,11.449,24.415,0.219,-19.431,-14.043,16.591,5.083,19.182,27.639,-20.817,8.033,-7.313,-6.508,-10.118,20.003,23.194,-2.868,-14.232,42.02
39,14.022,15.137,-8.335,23.01,29.471,23.679,16.503,19.27,-16.295,-6.619,-12.934,-0.504,-24.807,-4.905,1.542,25.516,-3.825,1.848,9.481,-20.926,17.348,8.376,-24.722,2.754,-13.726,-2.637,14.533,23.959,-22.122,19.403,107.99
40,-2.667,-0.489,25.719,-22.199,-10.852,17.805,18.825,5.311,25.305,27.402,-5.589,19.75,24.803,15.258,16.28,-9.001,7.655,-29.708,15.856,15.027,-21.113,-4.192,11.703,16.723,10.967,1.791,15.435,18.911,-26.607,-15.968,56.47
41,0.484,27.557,18.391,25.5,9.408,29.853,-2.573,-20.646,-21.838,-16.04,-6.557,-10.6,-5.185,16.796,26.816,-19.577,10.627,-6.733,15.825,4.417,-1.399,13.064,8.726,17.305,-0.008,-2.577,-26.527,1.456,-3.704,2.613,64.55
42,-13.91,19.416,-15.082,5.061,-19.59,1.717,-28.713,20.072,27.009,-15.467,25.255,14.531,25.793,14.188,-17.868,22.341,18.29,14.84,-9.681,-20.161,1.96,8.449,-25.265,23.145,-0.128,-7.445,17.655,0.165,16.227,-2.9,65.89
43,-9.078,22.471,20.7,9.83,-7.626,24.113,14.051,-17.862,-27.434,24.255,-0.855,-3.407,-21.992,3.852,-29.233,5.579,20.242,-2.472,-6.475,-15.902,-11.92,18.109,-3.65,3.218,27.613,18.951,-25.424,-12.485,-24.862,-8.401,71.82
44,-9.886,9.154,-29.847,-5.736,-9.402,24.116,15.766,-2.735,-28.17,3.685,2.14,-2.29,-19.909,-15.112,-21.447,-7.835,-29.91,15.742,28.589,-24.742,-27.449,9.593,26.702,-0.761,-19.326,-0.836,-23.512,-27.427,-14.893,-8.362,41.36
45,-4.547,13.524,-21.693,-19.105,-21.793,-14.197,2.284,29.037,1.979,-1.345,24.083,-18.705,-1.068,-5.365,17.549,-9.008,-22.342,-24.061,-26.378,28.54,28.54,29.687,-21.579,12.56,-0.795,12.78,-2.03,9.389,-7.95,-28.318,67.12
46,29.695,6.591,-29.706,-14.501,-19.213,8.003,-3.34,-18.646,-17.858,-8.142,13.776,23.113,18.541,-13.404,-25.675,6.193,-13.702,-14.506,29.256,-9.211,7.17,15.305,26.985,16.627,-2.707,-7.046,3.843,-17.723,-25.442,8.903,49.78
47,26.911,-2.161,-21.37,-1.677,9.696,-21.2,2.519,27.958,-16.88,-25.51,-11.364,-16.502,-7.93,-5.764,21.257,-21.686,-1.765,-22.237,19.399,24.47,15.935,-13.924,24.679,-21.676,-5.648,28.584,-1.495,17.872,-6.079,20.778,46.22
48,11.485,5.192,26.748,22.897,-16.715,2.599,29.633,13.787,-26.583,24.796,-3.178,9.178,-21.514,-4.69,14.272,15.041,26.718,-13.017,-0.242,-13.429,-17.003,-1.178,11.997,27.55,-28.845,12.706,-2.78,16.214,-5.313,-5.512,48.97
49,-27.682,9.738,16.737,12.162,24.973,25.742,-0.325,18.964,-7.984,28.222,2.515,-11.995,15.866,1.529,9.608,16.965,21.226,-17.308,-27.663,-17.749,8.005,-27.145,-4.217,19.621,-5.03,-23.617,-22.614,29.199,23.632,9.873,44.99
50,-17.425,5.386,21.524,-3.998,-3.269,18.281,5.658,-27.418,-3.501,26.545,-13.988,-12.015,-10.75,-22.79,22.921,-25.569,-29.388,4.875,27.435,-12.124,5.481,3.444,19.235,-21.656,26.309,10.783,5.854,18.865,-19.386,19.78,74.87
